﻿<?xml version="1.1" encoding="UTF-8" standalone="yes"?>
<addon id="repository.justiceiro1977" name="[COLOR gold][B]Justiceito 1977[/B][/COLOR]" version="0.1" provider-name="[COLOR lime][B]Flecha[/B][/COLOR]">
	<extension point="xbmc.addon.repository" name="repository.justiceiro1977">
		<info compressed="false">https://raw.githubusercontent.com/justiceiro1977/justiceiro1977/master/addons.xml</info>
		<checksum>https://raw.githubusercontent.com/justiceiro1977/justiceiro1977/master/addons.xml.md5</checksum>
		<datadir zip="true">https://raw.githubusercontent.com/justiceiro1977/justiceiro1977/master/repo/</datadir>
	</extension>
	<extension point="xbmc.addon.metadata">
		<summary>[COLOR blue][B]Justiceiro.Repo[/B][/COLOR]</summary>
		<description>[COLOR red][B]Justiceiro.Repo[/B][/COLOR]</description>
		<disclaimer></disclaimer>
		<platform>all</platform>
	</extension>
</addon>