﻿<?xml version="1.0" encoding="UTF-8" standalone="yes"?>
<addon id="repository.justiceiro1977" name="justiceiro1977" version="0.0.2" provider-name="Mafarricos">
	<extension point="xbmc.addon.repository" name="Tutorial Add-on Repository">
		<info compressed="false">https://raw.githubusercontent.com/justiceiro1977/justiceiro1977/master/addons.xml</info>
		<checksum>https://raw.githubusercontent.com/justiceiro1977/justiceiro1977/master/addons.xml.md5</checksum>
		<datadir zip="true">https://raw.githubusercontent.com/justiceiro1977/justiceiro1977/master/repo</datadir>
	</extension>
	<extension point="xbmc.addon.metadata">
		<summary>Tutorial Addon</summary>
		<description>Addon Description</description>
		<disclaimer></disclaimer>
		<platform>all</platform>
	</extension>
</addon>